"band","ad","aralik","ucak","katman"
"(yok-foundation)","","","","21"
"BANT 001","BANT 001 - yayin-canli-ses","K121 - K140","SOFTWARE (EK A sec. A.0)","20"
"BANT 002","BANT 002 - medya-uretimi","K141 - K160","SOFTWARE (EK A sec. A.0)","20"
"BANT 003","BANT 003 - medya-dagitimi","K161 - K180","SOFTWARE (EK A sec. A.0)","20"
"BANT 004","BANT 004 - icerik-zekasi","K181 - K200","SOFTWARE (EK A sec. A.0)","20"
"BANT 005","BANT 005 - dijital-ikiz","K201 - K220","SOFTWARE (EK A sec. A.0)","20"
"BANT 006","BANT 006 - simulasyon","K221 - K240","SOFTWARE (EK A sec. A.0)","20"
"BANT 007","BANT 007 - donanim-simulasyonu","K241 - K260","SOFTWARE (EK A sec. A.0)","20"
"BANT 008","BANT 008 - ses-simulasyonu","K261 - K280","SOFTWARE (EK A sec. A.0)","20"
"BANT 009","BANT 009 - sistem-modelleme","K281 - K300","SOFTWARE (EK A sec. A.0)","20"
"BANT 010","BANT 010 - arastirma-gelistirme","K301 - K320","SOFTWARE (EK A sec. A.0)","20"
"BANT 011","BANT 011 - deneyler","K321 - K340","SOFTWARE (EK A sec. A.0)","20"
"BANT 012","BANT 012 - benchmark","K341 - K360","SOFTWARE (EK A sec. A.0)","20"
"BANT 013","BANT 013 - bilimsel-hesaplama","K361 - K380","SOFTWARE (EK A sec. A.0)","20"
"BANT 014","BANT 014 - veri-bilimi-analitik","K381 - K400","SOFTWARE (EK A sec. A.0)","20"
"BANT 015","BANT 015 - yonetisim","K401 - K420","SOFTWARE (EK A sec. A.0)","20"
"BANT 016","BANT 016 - uyum","K421 - K440","SOFTWARE (EK A sec. A.0)","20"
"BANT 017","BANT 017 - denetim","K441 - K460","SOFTWARE (EK A sec. A.0)","20"
"BANT 018","BANT 018 - risk-yonetimi","K461 - K480","SOFTWARE (EK A sec. A.0)","20"
"BANT 019","BANT 019 - is-surdurme-dr","K481 - K500","SOFTWARE (EK A sec. A.0)","20"
"BANT 020","BANT 020 - genisleme-omurgasi","K501 - K540","SOFTWARE (EK A sec. A.0)","40"
"BANT 021","BANT 021 - olcek-kanadi","K541 - K580","SOFTWARE (EK A sec. A.0)","40"
"BANT 022","BANT 022 - veri-otoyolu","K581 - K620","SOFTWARE (EK A sec. A.0)","40"
"BANT 023","BANT 023 - operasyon-koprusu","K621 - K660","SOFTWARE (EK A sec. A.0)","40"
"BANT 024","BANT 024 - urun-hatti","K661 - K700","SOFTWARE (EK A sec. A.0)","40"
"BANT 025","BANT 025 - buyume-motoru","K701 - K740","SOFTWARE (EK A sec. A.0)","40"
"BANT 026","BANT 026 - guven-hatti","K741 - K780","SOFTWARE (EK A sec. A.0)","40"
"BANT 027","BANT 027 - calisma-zamani-piyesi","K781 - K820","SOFTWARE (EK A sec. A.0)","40"
"BANT 028","BANT 028 - veri-sahnesi","K821 - K860","SOFTWARE (EK A sec. A.0)","40"
"BANT 029","BANT 029 - zeka-sahnesi","K861 - K900","SOFTWARE (EK A sec. A.0)","40"
"BANT 030","BANT 030 - medya-sahnesi","K901 - K940","SOFTWARE (EK A sec. A.0)","40"
"BANT 031","BANT 031 - kenar-sahnesi","K941 - K980","SOFTWARE (EK A sec. A.0)","40"
"BANT 032","BANT 032 - otomotiv-derinligi","K981 - K1020","SOFTWARE (EK A sec. A.0)","40"
"BANT 033","BANT 033 - ev-derinligi","K1021 - K1060","SOFTWARE (EK A sec. A.0)","40"
"BANT 034","BANT 034 - studyo-derinligi","K1061 - K1100","SOFTWARE (EK A sec. A.0)","40"
"BANT 035","BANT 035 - hak-derinligi","K1101 - K1140","SOFTWARE (EK A sec. A.0)","40"
"BANT 036","BANT 036 - ticaret-derinligi","K1141 - K1180","SOFTWARE (EK A sec. A.0)","40"
"BANT 037","BANT 037 - web-calisma-zamani","K1181 - K1220","SOFTWARE (EK A sec. A.0)","40"
"BANT 038","BANT 038 - sunucu-calisma-zamani","K1221 - K1260","SOFTWARE (EK A sec. A.0)","40"
"BANT 039","BANT 039 - masaustu-calisma-zamani","K1261 - K1300","SOFTWARE (EK A sec. A.0)","40"
"BANT 040","BANT 040 - gomulu-calisma-zamani","K1301 - K1340","SOFTWARE (EK A sec. A.0)","40"
"BANT 041","BANT 041 - dsp-calisma-zamani","K1341 - K1380","SOFTWARE (EK A sec. A.0)","40"
"BANT 042","BANT 042 - guvenlik-katmani","K1381 - K1420","SOFTWARE (EK A sec. A.0)","40"
"BANT 043","BANT 043 - gozlem-katmani","K1421 - K1460","SOFTWARE (EK A sec. A.0)","40"
"BANT 044","BANT 044 - teslimat-katmani","K1461 - K1500","SOFTWARE (EK A sec. A.0)","40"
"BANT 045","BANT 045 - veri-yonetimi","K1501 - K1540","SOFTWARE (EK A sec. A.0)","40"
"BANT 046","BANT 046 - maliyet-katmani","K1541 - K1580","SOFTWARE (EK A sec. A.0)","40"
"BANT 047","BANT 047 - bilgi-grafigi-derinligi","K1581 - K1620","SOFTWARE (EK A sec. A.0)","40"
"BANT 048","BANT 048 - rag-derinligi","K1621 - K1660","SOFTWARE (EK A sec. A.0)","40"
"BANT 049","BANT 049 - ajan-derinligi","K1661 - K1700","SOFTWARE (EK A sec. A.0)","40"
"BANT 050","BANT 050 - anlamsal-arama","K1701 - K1740","SOFTWARE (EK A sec. A.0)","40"
"BANT 051","BANT 051 - kural-arama","K1741 - K1780","SOFTWARE (EK A sec. A.0)","40"
"BANT 052","BANT 052 - donusum-hatti","K1781 - K1820","SOFTWARE (EK A sec. A.0)","40"
"BANT 053","BANT 053 - teslim-hatti","K1821 - K1860","SOFTWARE (EK A sec. A.0)","40"
"BANT 054","BANT 054 - cevrimdisi-hatti","K1861 - K1900","SOFTWARE (EK A sec. A.0)","40"
"BANT 055","BANT 055 - yapay-zeka-guvenligi","K1901 - K1940","SOFTWARE (EK A sec. A.0)","40"
"BANT 056","BANT 056 - yapay-zeka-olcumu","K1941 - K1980","SOFTWARE (EK A sec. A.0)","40"
"BANT 057","BANT 057 - akustik","K1981 - K2020","SOFTWARE (EK A sec. A.0)","40"
"BANT 058","BANT 058 - guc-derinligi","K2021 - K2060","SOFTWARE (EK A sec. A.0)","40"
"BANT 059","BANT 059 - isi-derinligi","K2061 - K2100","SOFTWARE (EK A sec. A.0)","40"
"BANT 060","BANT 060 - pcb-derinligi","K2101 - K2140","SOFTWARE (EK A sec. A.0)","40"
"BANT 061","BANT 061 - uretim-testi","K2141 - K2180","SOFTWARE (EK A sec. A.0)","40"
"BANT 062","BANT 062 - tedarik","K2181 - K2220","SOFTWARE (EK A sec. A.0)","40"
"BANT 063","BANT 063 - abonelik-derinligi","K2221 - K2260","SOFTWARE (EK A sec. A.0)","40"
"BANT 064","BANT 064 - reklam","K2261 - K2300","SOFTWARE (EK A sec. A.0)","40"
"BANT 065","BANT 065 - is-ortagi","K2301 - K2340","SOFTWARE (EK A sec. A.0)","40"
"BANT 066","BANT 066 - cok-kirali-platform","K2341 - K2380","SOFTWARE (EK A sec. A.0)","40"
"BANT 067","BANT 067 - api-yasam-dongusu","K2381 - K2420","SOFTWARE (EK A sec. A.0)","40"
"BANT 068","BANT 068 - sdk-katmani","K2421 - K2460","SOFTWARE (EK A sec. A.0)","40"
"BANT 069","BANT 069 - webhook-katmani","K2461 - K2500","SOFTWARE (EK A sec. A.0)","40"
"BANT 070","BANT 070 - tasima-katmani","K2501 - K2540","SOFTWARE (EK A sec. A.0)","40"
"BANT 071","BANT 071 - topoloji","K2541 - K2580","SOFTWARE (EK A sec. A.0)","40"
"BANT 072","BANT 072 - kimlik-derinligi","K2581 - K2620","SOFTWARE (EK A sec. A.0)","40"
"BANT 073","BANT 073 - uygulama-guvenligi","K2621 - K2660","SOFTWARE (EK A sec. A.0)","40"
"BANT 074","BANT 074 - sifreleme-derinligi","K2661 - K2700","SOFTWARE (EK A sec. A.0)","40"
"BANT 075","BANT 075 - akis-verisi","K2701 - K2740","SOFTWARE (EK A sec. A.0)","40"
"BANT 076","BANT 076 - veri-ambari","K2741 - K2780","SOFTWARE (EK A sec. A.0)","40"
"BANT 077","BANT 077 - veri-golu","K2781 - K2820","SOFTWARE (EK A sec. A.0)","40"
"BANT 078","BANT 078 - tasarim-sistemi","K2821 - K2860","SOFTWARE (EK A sec. A.0)","40"
"BANT 079","BANT 079 - hareket","K2861 - K2900","SOFTWARE (EK A sec. A.0)","40"
"BANT 080","BANT 080 - erisilebilirlik","K2901 - K2940","SOFTWARE (EK A sec. A.0)","40"
"BANT 081","BANT 081 - kisisellestirilmis-arayuz","K2941 - K2980","SOFTWARE (EK A sec. A.0)","40"
"BANT 082","BANT 082 - ajan-orkestrasyonu","K2981 - K3020","SOFTWARE (EK A sec. A.0)","40"
"BANT 083","BANT 083 - ajan-araclari","K3021 - K3060","SOFTWARE (EK A sec. A.0)","40"
"BANT 084","BANT 084 - ajan-hafizasi","K3061 - K3100","SOFTWARE (EK A sec. A.0)","40"
"BANT 085","BANT 085 - cok-ajan","K3101 - K3140","SOFTWARE (EK A sec. A.0)","40"
"BANT 086","BANT 086 - oda-akustigi-sim","K3141 - K3180","SOFTWARE (EK A sec. A.0)","40"
"BANT 087","BANT 087 - hoparlor-sim","K3181 - K3220","SOFTWARE (EK A sec. A.0)","40"
"BANT 088","BANT 088 - guc-sim","K3221 - K3260","SOFTWARE (EK A sec. A.0)","40"
"BANT 089","BANT 089 - ag-sim","K3261 - K3300","SOFTWARE (EK A sec. A.0)","40"
"BANT 090","BANT 090 - kodek-sim","K3301 - K3340","SOFTWARE (EK A sec. A.0)","40"
"BANT 091","BANT 091 - algi-arastirmasi","K3341 - K3380","SOFTWARE (EK A sec. A.0)","40"
"BANT 092","BANT 092 - makine-ogrenme-arastirmasi","K3381 - K3420","SOFTWARE (EK A sec. A.0)","40"
"BANT 093","BANT 093 - akustik-arastirma","K3421 - K3460","SOFTWARE (EK A sec. A.0)","40"
"BANT 094","BANT 094 - adr-derinligi","K3461 - K3500","SOFTWARE (EK A sec. A.0)","40"
"BANT 095","BANT 095 - standart","K3501 - K3540","SOFTWARE (EK A sec. A.0)","40"
"BANT 096","BANT 096 - egitim","K3541 - K3580","SOFTWARE (EK A sec. A.0)","40"
"BANT 097","BANT 097 - gizlilik","K3581 - K3620","SOFTWARE (EK A sec. A.0)","40"
"BANT 098","BANT 098 - lisans","K3621 - K3660","SOFTWARE (EK A sec. A.0)","40"
"BANT 099","BANT 099 - slo-katmani","K3661 - K3700","SOFTWARE (EK A sec. A.0)","40"
"BANT 100","BANT 100 - maliyet-gozlemi","K3701 - K3740","SOFTWARE (EK A sec. A.0)","40"
"BANT 101","BANT 101 - surum-katmani","K3741 - K3780","SOFTWARE (EK A sec. A.0)","40"
"BANT 102","BANT 102 - altyapi-kodu","K3781 - K3820","SOFTWARE (EK A sec. A.0)","40"
"BANT 103","BANT 103 - konteyner","K3821 - K3860","SOFTWARE (EK A sec. A.0)","40"
"BANT 104","BANT 104 - arac-zinciri","K3861 - K3900","SOFTWARE (EK A sec. A.0)","40"
"BANT 105","BANT 105 - hata-ayiklama","K3901 - K3940","SOFTWARE (EK A sec. A.0)","40"
"BANT 106","BANT 106 - test-platformu","K3941 - K3980","SOFTWARE (EK A sec. A.0)","40"
"BANT 107","BANT 107 - vergi","K3981 - K4020","SOFTWARE (EK A sec. A.0)","40"
"BANT 108","BANT 108 - dolandiricilik","K4021 - K4060","SOFTWARE (EK A sec. A.0)","40"
"BANT 109","BANT 109 - katalog-hakki","K4061 - K4100","SOFTWARE (EK A sec. A.0)","40"
"BANT 110","BANT 110 - royalty","K4101 - K4140","SOFTWARE (EK A sec. A.0)","40"
"BANT 111","BANT 111 - metaveri","K4141 - K4180","SOFTWARE (EK A sec. A.0)","40"
"BANT 112","BANT 112 - album-kapagi","K4181 - K4220","SOFTWARE (EK A sec. A.0)","40"
"BANT 113","BANT 113 - sarki-sozu","K4221 - K4260","SOFTWARE (EK A sec. A.0)","40"
"BANT 114","BANT 114 - coklu-oda-agi","K4261 - K4300","SOFTWARE (EK A sec. A.0)","40"
"BANT 115","BANT 115 - arac-agi","K4301 - K4340","SOFTWARE (EK A sec. A.0)","40"
"BANT 116","BANT 116 - studyo-agi","K4341 - K4380","SOFTWARE (EK A sec. A.0)","40"
"BANT 117","BANT 117 - firmware-guvenligi","K4381 - K4420","SOFTWARE (EK A sec. A.0)","40"
"BANT 118","BANT 118 - surucu-guvenligi","K4421 - K4460","SOFTWARE (EK A sec. A.0)","40"
"BANT 119","BANT 119 - icerik-guvenligi","K4461 - K4500","SOFTWARE (EK A sec. A.0)","40"
"BANT 120","BANT 120 - kisisellestirme-derinligi","K4501 - K4540","SOFTWARE (EK A sec. A.0)","40"
"BANT 121","BANT 121 - sesli-arayuz","K4541 - K4580","SOFTWARE (EK A sec. A.0)","40"
"BANT 122","BANT 122 - otomatik-eq","K4581 - K4620","SOFTWARE (EK A sec. A.0)","40"
"BANT 123","BANT 123 - kenar-yapay-zekasi","K4621 - K4660","SOFTWARE (EK A sec. A.0)","40"
"BANT 124","BANT 124 - yerel-oncelikli","K4661 - K4700","SOFTWARE (EK A sec. A.0)","40"
"BANT 125","BANT 125 - yedekleme-derinligi","K4701 - K4740","SOFTWARE (EK A sec. A.0)","40"
"BANT 126","BANT 126 - tanitim-akisi","K4741 - K4780","SOFTWARE (EK A sec. A.0)","40"
"BANT 127","BANT 127 - bildirim-arayuzu","K4781 - K4820","SOFTWARE (EK A sec. A.0)","40"
"BANT 128","BANT 128 - hata-arayuzu","K4821 - K4860","SOFTWARE (EK A sec. A.0)","40"
"BANT 129","BANT 129 - magaza","K4861 - K4900","SOFTWARE (EK A sec. A.0)","40"
"BANT 130","BANT 130 - gelistirici-deneyimi","K4901 - K4940","SOFTWARE (EK A sec. A.0)","40"
"BANT 131","BANT 131 - genisletilebilirlik","K4941 - K4980","SOFTWARE (EK A sec. A.0)","40"
"BANT 132","BANT 132 - olceklenme","K4981 - K5020","SOFTWARE (EK A sec. A.0)","40"
"BANT 133","BANT 133 - dayaniklilik","K5021 - K5060","SOFTWARE (EK A sec. A.0)","40"
"BANT 134","BANT 134 - kaos-muhendisligi","K5061 - K5100","SOFTWARE (EK A sec. A.0)","40"
"BANT 135","BANT 135 - kapasite","K5101 - K5140","SOFTWARE (EK A sec. A.0)","40"
